last_name, first_name,player_id,year,xba,out_zone_swing,in_zone_swing,
Colon, Bartolo,112526,2016,.070,45,58,
Ortiz, David,120074,2016,.304,390,688,
Rodriguez, Alex,121347,2016,.216,157,292,
Beltre, Adrian,134181,2016,.288,445,744,
Beltran, Carlos,136860,2016,.266,338,660,
Werth, Jayson,150029,2016,.241,302,760,
Pierzynski, A.J.,150229,2016,.239,185,296,
Rollins, Jimmy,276519,2016,.201,107,199,
Vogelsong, Ryan,285064,2016,.086,12,29,
Uribe, Juan,346874,2016,.265,150,343,
Suzuki, Ichiro,400085,2016,.262,185,452,
Martinez, Victor,400121,2016,.283,384,690,
Utley, Chase,400284,2016,.254,232,649,
Pujols, Albert,405395,2016,.278,405,743,
Byrd, Marlon,407781,2016,.240,102,179,
Lackey, John,407793,2016,.125,33,85,
Holliday, Matt,407812,2016,.262,255,500,
De La Rosa, Jorge,407822,2016,.147,49,49,
Teixeira, Mark,407893,2016,.218,240,519,
Mauer, Joe,408045,2016,.276,268,607,
Morneau, Justin,408047,2016,.237,182,283,
Cabrera, Miguel,408234,2016,.329,423,799,
Gonzalez, Adrian,408236,2016,.266,402,732,
Peavy, Jake,408241,2016,.170,13,36,
Phillips, Brandon,408252,2016,.259,440,765,
Infante, Omar,408299,2016,.254,84,169,
Crawford, Carl,408307,2016,.211,53,99,
Reyes, Jose,408314,2016,.248,190,294,
Ross, David,424325,2016,.222,104,292,
Crisp, Coco,424825,2016,.238,244,569,
Peralta, Jhonny,425509,2016,.250,167,392,
Loney, James,425766,2016,.270,219,413,
Mathis, Jeff,425772,2016,.207,60,175,
Choo, Shin-Soo,425783,2016,.270,96,232,
Rivera, Rene,425784,2016,.226,134,258,
Wainwright, Adam,425794,2016,.231,35,96,
Francoeur, Jeff,425796,2016,.227,300,396,
Upton Jr., B.J.,425834,2016,.230,266,754,
Greinke, Zack,425844,2016,.241,29,80,
Molina, Yadier,425877,2016,.277,368,737,
Navarro, Dioner,425900,2016,.196,188,421,
Fielder, Prince,425902,2016,.243,238,377,
Cano, Robinson,429664,2016,.277,482,806,
Encarnacion, Edwin,429665,2016,.261,321,910,
Hardy, J.J.,429666,2016,.254,192,463,
Howard, Ryan,429667,2016,.238,301,446,
Gutierrez, Franklin,429711,2016,.246,167,357,
Jackson, Edwin,429719,2016,.164,13,37,
Weeks Jr., Rickie,430001,2016,.260,84,262,
Simon, Alfredo,430580,2016,.065,7,27,
Kelly, Don,430603,2016,.200,17,36,
Raburn, Ryan,430605,2016,.190,133,352,
Johnson, Kelly,430637,2016,.257,195,392,
Bautista, Jose,430832,2016,.251,220,585,
Pena, Brayan,430910,2016,.188,7,13,
Cain, Matt,430912,2016,.066,20,26,
Jones, Adam,430945,2016,.257,552,860,
Aybar, Erick,430947,2016,.216,322,504,
Hill, Aaron,431094,2016,.255,181,510,
Martin, Russell,431145,2016,.221,208,682,
Kazmir, Scott,431148,2016,.054,28,58,
Wright, David,431151,2016,.234,65,209,
McGehee, Casey,431171,2016,.242,41,122,
Blanco, Andres,433217,2016,.241,149,266,
Granderson, Curtis,434158,2016,.242,303,679,
Liriano, Francisco,434538,2016,.216,27,49,
Ruiz, Carlos,434563,2016,.266,85,279,
Soto, Geovany,434567,2016,.290,36,93,
Hammel, Jason,434628,2016,.173,49,97,
Pagan, Angel,434636,2016,.278,246,615,
Davis, Rajai,434658,2016,.231,288,669,
Ramirez, Hanley,434670,2016,.256,384,737,
Morales, Kendrys,434778,2016,.288,452,732,
Kendrick III, Howie,435062,2016,.256,288,685,
Napoli, Mike,435063,2016,.218,369,924,
Wilson, Bobby,435064,2016,.215,163,349,
Kinsler, Ian,435079,2016,.263,302,843,
Andino, Robert,435180,2016,.198,11,33,
McCarthy, Brandon,435221,2016,.025,3,12,
McCann, Brian,435263,2016,.243,343,522,
Walker, Neil,435522,2016,.269,287,571,
Suzuki, Kurt,435559,2016,.237,186,456,
Desmond, Ian,435622,2016,.257,355,842,
Cruz Jr., Nelson,443558,2016,.271,399,890,
Jaso, John,444379,2016,.252,145,546,
Trumbo, Mark,444432,2016,.262,433,860,
Peralta, David,444482,2016,.231,122,223,
Pina, Manny,444489,2016,.256,35,96,
Ethier, Andre,444843,2016,.161,17,30,
Escobar, Alcides,444876,2016,.241,485,839,
Jay, Jon,445055,2016,.254,222,519,
Prado, Martin,445988,2016,.279,336,679,
Duda, Lucas,446263,2016,.260,100,182,
Wieters, Matt,446308,2016,.251,310,550,
Longoria, Evan,446334,2016,.266,408,816,
Cozart, Zack,446359,2016,.236,252,636,
Barney, Darwin,446381,2016,.242,134,422,
Guyer, Brandon,446386,2016,.244,164,440,
Rodriguez, Sean,446481,2016,.229,173,462,
Lobaton, Jose,446653,2016,.246,76,150,
Hill, Rich,448179,2016,.015,15,10,
Shields, James,448306,2016,.081,16,23,
Reynolds, Mark,448602,2016,.226,241,601,
Ruggiano, Justin,448605,2016,.194,15,38,
Davis, Chris,448801,2016,.218,426,749,
Garcia, Jaime,448802,2016,.193,27,64,
Guerra, Junior,448855,2016,.155,31,46,
Aviles, Mike,449107,2016,.241,95,220,
Orlando, Paulo,449181,2016,.275,330,611,
Zobrist, Ben,450314,2016,.271,272,670,
Fowler, Dexter,451594,2016,.250,223,730,
Rosario, Alberto,451705,2016,.255,28,46,
Flowers, Tyler,452095,2016,.239,145,455,
Headley, Chase,452104,2016,.239,259,662,
Drew, Stephen,452220,2016,.246,83,226,
Smith, Seth,452234,2016,.263,212,518,
Lind, Adam,452252,2016,.256,286,482,
Pence, Hunter,452254,2016,.256,295,529,
Span, Denard,452655,2016,.270,310,774,
Lester, Jon,452657,2016,.156,35,97,
Hanigan, Ryan,452672,2016,.164,51,153,
Cabrera, Asdrubal,452678,2016,.249,364,693,
Ellsbury, Jacoby,453056,2016,.265,289,797,
Tulowitzki, Troy,453064,2016,.265,274,662,
Robinson, Shane,453203,2016,.192,54,126,
Stubbs, Drew,453211,2016,.188,29,122,
Scherzer, Max,453286,2016,.133,33,99,
Richard, Clayton,453385,2016,.091,11,25,
Johnson, Chris,453400,2016,.253,166,354,
Arrieta, Jake,453562,2016,.195,47,99,
Blackmon, Charlie,453568,2016,.290,439,793,
Ryan, Brendan,453895,2016,.053,9,20,
Blanco, Gregor,453923,2016,.214,130,337,
Frazier, Todd,453943,2016,.217,434,858,
Ellis, A.J.,454560,2016,.234,58,240,
Iribarren, Hernan,454975,2016,.281,30,55,
Iannetta, Chris,455104,2016,.228,113,528,
Maldonado, Martin,455117,2016,.201,101,286,
Chirinos, Robinson,455139,2016,.202,96,213,
Pena, Ramiro,455369,2016,.245,67,106,
Stewart, Chris,455755,2016,.216,40,117,
Young, Chris,455759,2016,.231,87,273,
Markakis, Nick,455976,2016,.271,291,764,
Pedroia, Dustin,456030,2016,.283,306,870,
Price, David,456034,2016,.003,5,14,
Castillo, Welington,456078,2016,.230,247,562,
Kratz, Erik,456124,2016,.148,51,121,
Bourn, Michael,456422,2016,.227,168,519,
Nunez, Eduardo,456488,2016,.250,395,744,
Cueto, Johnny,456501,2016,.110,42,115,
Pearce, Steve,456665,2016,.273,135,395,
Bailey, Homer,456701,2016,.051,4,11,
Butler, Billy,456714,2016,.306,173,307,
Cain, Lorenzo,456715,2016,.275,276,565,
Solano, Donovan,456781,2016,.181,9,28,
Saltalamacchia, Jarrod,457454,2016,.168,149,366,
De Aza, Alejandro,457477,2016,.244,144,328,
Pacheco, Jordan,457574,2016,.180,29,74,
McCutchen, Andrew,457705,2016,.251,333,932,
Jackson, Austin,457706,2016,.269,95,280,
Upton, Justin,457708,2016,.249,304,842,
Maybin, Cameron,457727,2016,.258,167,473,
Turner, Justin,457759,2016,.274,279,815,
Posey III, Buster,457763,2016,.282,303,769,
Jennings, Desmond,457775,2016,.206,98,286,
Espinosa, Danny,457787,2016,.186,415,717,
Weeks, Jemile,457789,2016,.198,24,77,
Bruce, Jay,457803,2016,.247,413,770,
Happ, J.A.,457918,2016,.265,0,13,
Janish, Paul,457926,2016,.307,11,48,
Votto, Joey,458015,2016,.298,311,892,
Coghlan, Chris,458085,2016,.197,174,342,
Brignac, Reid,458582,2016,.233,19,42,
Rasmus, Colby,458675,2016,.217,244,551,
Gardner, Brett,458731,2016,.250,312,654,
Saunders, Michael,459431,2016,.232,290,775,
Joyce, Matt,459964,2016,.219,111,378,
Hundley, Nick,460026,2016,.244,143,461,
Pennington, Cliff,460060,2016,.191,94,279,
Braun, Ryan,460075,2016,.275,410,647,
Butera, Drew,460077,2016,.218,70,198,
Gordon, Alex,460086,2016,.228,266,659,
Reimold, Nolan,460099,2016,.208,102,297,
Gimenez, Chris,460269,2016,.224,95,190,
Gomez, Carlos,460576,2016,.204,306,617,
Moss, Brandon,461235,2016,.230,320,607,
Kemp, Matt,461314,2016,.265,491,845,
Venable, Will,461416,2016,.170,5,26,
Gonzalez, Gio,461829,2016,.129,40,74,
Plouffe, Trevor,461858,2016,.254,156,434,
Romine, Andrew,461865,2016,.246,132,279,
Andrus, Elvis,462101,2016,.277,248,655,
Petit, Gregorio,463610,2016,.222,143,268,
Cervelli, Francisco,465041,2016,.239,126,483,
Florimon, Pedro,465753,2016,.105,6,44,
Cabrera, Melky,466320,2016,.273,440,724,
Bonifacio, Emilio,466988,2016,.219,28,50,
Ramos, Wilson,467092,2016,.273,260,674,
Nova, Ivan,467100,2016,.051,19,34,
Santana, Carlos,467793,2016,.273,271,818,
Parra, Gerardo,467827,2016,.243,257,472,
Chacin, Jhoulys,468504,2016,.291,5,10,
Montero, Miguel,471083,2016,.191,144,416,
Gonzalez, Carlos,471865,2016,.271,449,745,
Valbuena, Luis,472528,2016,.222,176,476,
McBride, Matt,473724,2016,.231,27,57,
Conger, Hank,474233,2016,.171,103,176,
Snyder, Brandon,474319,2016,.239,36,68,
De Jesus Jr., Ivan,474443,2016,.255,129,318,
Mercer, Jordy,474568,2016,.237,324,672,
Belt, Brandon,474832,2016,.258,359,931,
Borbon, Julio,474865,2016,.193,9,19,
Carter, Chris,474892,2016,.229,369,817,
Van Slyke, Scott,475100,2016,.270,58,130,
Alonso, Yonder,475174,2016,.256,251,622,
Wood, Travis,475243,2016,.199,5,16,
Flaherty, Ryan,475247,2016,.200,90,220,
Smoak, Justin,475253,2016,.225,212,409,
Phelps, David,475479,2016,.195,6,17,
Zimmerman, Ryan,475582,2016,.241,313,487,
Hellickson, Jeremy,476451,2016,.148,31,86,
Lowrie, Jed,476704,2016,.247,175,483,
Alvarez, Pedro,476883,2016,.258,267,445,
Niese, Jonathon,477003,2016,.067,10,47,
Kershaw, Clayton,477132,2016,.165,31,53,
Wallace, Brett,477165,2016,.203,159,294,
Davis, Ike,477195,2016,.189,12,18,
Carrera, Ezequiel,485567,2016,.213,169,377,
Avila, Alex,488671,2016,.199,71,278,
Barnes, Brandon,488681,2016,.230,67,157,
Bourjos, Peter,488721,2016,.219,239,476,
Brantley Jr., Michael,488726,2016,.231,20,57,
Cashner, Andrew,488768,2016,.112,32,41,
Castro, Jason,488771,2016,.218,181,483,
d'Arnaud, Chase,488818,2016,.219,164,258,
Escobar, Yunel,488862,2016,.270,263,681,
Gosewisch, Tuffy,488912,2016,.190,55,119,
Miley, Wade,489119,2016,.132,5,18,
Morrison, Logan,489149,2016,.258,242,470,
Recker, Anthony,489232,2016,.310,48,119,
Rosales, Adam,489267,2016,.202,121,321,
Scruggs, Xavier,489305,2016,.207,23,89,
Thole, Josh,489365,2016,.190,60,180,
Garza, Matt,490063,2016,.056,29,40,
Hernandez, Gorkys,491676,2016,.253,34,76,
Sucre, Jesus,491696,2016,.333,13,31,
Graterol, Juan,492802,2016,.186,13,17,
Martinez, Michael,492841,2016,.192,66,133,
Aoki, Norichika,493114,2016,.225,207,593,
Kawasaki, Munenori,493128,2016,.164,8,34,
Lee, Dae-Ho,493193,2016,.253,186,406,
Cespedes, Yoenis,493316,2016,.281,405,625,
Gurriel, Yuli,493329,2016,.267,86,157,
Olivera, Hector,493343,2016,.158,9,25,
Ramirez, Alexei,493351,2016,.240,305,589,
Campbell, Eric,493472,2016,.185,42,120,
Beckham, Gordon,493596,2016,.225,128,347,
Colabello, Chris,499624,2016,.150,13,47,
Solarte, Yangervis,500208,2016,.243,289,513,
Rojas, Miguel,500743,2016,.232,141,261,
Escobar, Eduardo,500871,2016,.241,252,455,
Martinez, Jose,500874,2016,.421,14,22,
Adrianza, Ehire,501303,2016,.189,50,80,
Lagares, Juan,501571,2016,.256,103,181,
Almonte, Abraham,501659,2016,.237,121,256,
Kalish, Ryan,501888,2016,.378,11,10,
Freese, David,501896,2016,.239,291,625,
Davis, Khris,501981,2016,.248,339,871,
Hunter, Cedric,501986,2016,.170,29,40,
Norris, Bud,502032,2016,.236,18,42,
Burriss, Emmanuel,502034,2016,.189,33,59,
Locke, Jeff,502046,2016,.074,12,36,
Pham, Tommy,502054,2016,.226,82,237,
Chisenhall, Lonnie,502082,2016,.249,347,555,
Presley, Alex,502100,2016,.214,73,181,
Martinez, J.D.,502110,2016,.292,331,728,
Valencia, Danny,502143,2016,.275,309,582,
Clevenger, Steve,502182,2016,.232,27,93,
Samardzija, Jeff,502188,2016,.138,41,92,
Leake, Mike,502190,2016,.162,37,84,
Green, Grant,502205,2016,.239,44,62,
Reddick, Josh,502210,2016,.275,239,518,
Gentry, Craig,502226,2016,.180,13,58,
Cahill, Trevor,502239,2016,.098,8,12,
Gillespie, Cole,502261,2016,.213,22,78,
Freeman, Mike,502273,2016,.238,13,36,
Ladendorf, Tyler,502285,2016,.122,19,59,
Heisey, Chris,502317,2016,.200,62,204,
Dyson, Jarrod,502481,2016,.249,126,429,
Murphy, Daniel,502517,2016,.313,346,610,
O'Malley, Shawn,502523,2016,.184,99,320,
Buss, Nick,502544,2016,.205,63,117,
Schafer, Logan,502582,2016,.207,41,82,
Anderson, Chase,502624,2016,.086,35,73,
Goldschmidt, Paul,502671,2016,.268,339,819,
Figueroa, Cole,502676,2016,.188,15,28,
Lalli, Blake,503351,2016,.262,5,20,
Beresford, James,503437,2016,.164,10,38,
De La Cruz, Joel,503444,2016,.134,10,22,
Peralta, Wily,503449,2016,.169,19,52,
Gonzalez, Marwin,503556,2016,.222,362,580,
Nicasio, Juan,504379,2016,.119,12,29,
Amarista, Alexi,506560,2016,.255,85,174,
Leon, Sandy,506702,2016,.235,204,317,
Pena, Francisco,506747,2016,.138,24,49,
Cardullo, Stephen,506924,2016,.209,52,92,
Altuve, Jose,514888,2016,.313,417,785,
Tejada, Ruben,514913,2016,.187,34,106,
Hernandez, Cesar,514917,2016,.254,292,801,
Segura, Jean,516416,2016,.267,400,865,
Castro, Starlin,516770,2016,.260,399,763,
Marte, Starling,516782,2016,.277,407,674,
Lake, Junior,516809,2016,.284,21,57,
Sanchez, Hector,516949,2016,.299,44,73,
Pirela, Jose,517369,2016,.219,21,44,
Paredes, Jimmy,517370,2016,.217,166,192,
Bettis, Chad,518452,2016,.097,25,68,
Blash, Jabari,518466,2016,.150,37,125,
Brentz, Bryce,518490,2016,.186,39,72,
Bumgarner, Madison,518516,2016,.149,50,134,
Centeno, Juan,518542,2016,.217,117,229,
Clemens, Paul,518560,2016,.061,15,29,
Colon, Christian,518568,2016,.207,89,178,
Cowgill, Collin,518577,2016,.099,10,16,
Culberson, Charlie,518586,2016,.226,42,81,
d'Arnaud, Travis,518595,2016,.237,120,366,
Descalso, Daniel,518614,2016,.257,113,354,
Dietrich, Derek,518618,2016,.251,264,488,
Dominguez, Matt,518625,2016,.165,7,12,
Donaldson, Josh,518626,2016,.275,374,858,
Eibner, Brett,518649,2016,.211,95,301,
Elmore, Jake,518653,2016,.209,29,126,
Freeman, Freddie,518692,2016,.276,459,963,
Fryer, Eric,518700,2016,.231,44,206,
Grandal, Yasmani,518735,2016,.227,223,537,
Harvey, Matt,518774,2016,.138,15,38,
Heyward, Jason,518792,2016,.249,276,670,
LeMahieu, DJ,518934,2016,.332,290,790,
Lough, David,518953,2016,.223,56,77,
Lucroy, Jonathan,518960,2016,.269,306,630,
Mastroianni, Darin,518991,2016,.053,5,13,
Mesoraco, Devin,519023,2016,.218,28,60,
Middlebrooks, Will,519025,2016,.178,21,27,
Moore, Matt,519043,2016,.068,20,41,
Moreland, Mitch,519048,2016,.252,366,592,
Moustakas, Mike,519058,2016,.265,60,137,
Nelson, Jimmy,519076,2016,.047,26,76,
Noonan, Nick,519082,2016,.162,9,25,
Norris, Derek,519083,2016,.223,215,632,
Pomeranz, Drew,519141,2016,.103,32,52,
Revere, Ben,519184,2016,.218,167,363,
Rizzo, Anthony,519203,2016,.258,440,753,
Robinson, Clint,519208,2016,.213,116,250,
Romine, Austin,519222,2016,.232,105,243,
Rupp, Cameron,519237,2016,.232,230,525,
Smolinski, Jake,519295,2016,.259,166,370,
Souza Jr., Steven,519306,2016,.225,244,670,
Stanton, Giancarlo,519317,2016,.234,339,525,
Szczur, Matt,519333,2016,.228,111,300,
Vogt, Stephen,519390,2016,.256,327,638,
Wilkins, Andy,519421,2016,.159,17,38,
Worth, Danny,519445,2016,.248,12,51,
Galvis, Freddy,520471,2016,.223,487,753,
Perez, Salvador,521692,2016,.236,433,595,
Forsythe, Logan,523253,2016,.270,206,725,
De La Rosa, Rubby,523989,2016,.062,7,21,
Flores, Wilmer,527038,2016,.244,194,460,
Marte, Jefry,527043,2016,.243,147,346,
Teheran, Julio,527054,2016,.222,31,72,
Holt, Tyler,534627,2016,.211,121,254,
Adleman, Tim,534947,2016,.137,16,29,
Nava, Daniel,537953,2016,.241,64,192,
Cabrera, Ramon,541608,2016,.219,118,205,
Garcia, Avisail,541645,2016,.257,356,586,
Perez, Hernan,541650,2016,.245,297,520,
Bethancourt, Christian,542194,2016,.229,171,257,
Perez, Carlos,542208,2016,.219,175,317,
Inciarte, Ender,542255,2016,.259,333,650,
Ozuna, Marcell,542303,2016,.272,372,672,
Villar, Jonathan,542340,2016,.230,319,899,
Ortega, Rafael,542364,2016,.256,126,220,
Adames, Cristhian,542436,2016,.218,142,316,
Santana, Danny,542454,2016,.226,186,315,
Arcia, Oswaldo,542455,2016,.208,184,274,
Telis, Tomas,542513,2016,.142,4,13,
Anderson, Tyler,542881,2016,.130,24,58,
Bandy, Jett,542908,2016,.224,152,321,
Beckham, Tim,542921,2016,.216,128,295,
Broxton, Keon,542979,2016,.218,126,333,
Burns, Billy,542993,2016,.225,167,399,
Chatwood, Tyler,543022,2016,.171,19,74,
Cole, Gerrit,543037,2016,.154,20,58,
Conley, Adam,543045,2016,.082,32,55,
Cosart, Jarred,543054,2016,.189,11,18,
Crawford, Brandon,543063,2016,.242,380,822,
Cron, C.J.,543068,2016,.264,296,558,
Decker, Jaff,543094,2016,.202,33,75,
DeSclafani, Anthony,543101,2016,.165,23,59,
Dickerson, Alex,543105,2016,.269,152,378,
Federowicz, Tim,543148,2016,.206,22,45,
Friedrich, Christian,543184,2016,.067,16,54,
Giavotella, Johnny,543213,2016,.270,158,431,
Gillaspie, Conor,543216,2016,.256,134,240,
Gomes, Yan,543228,2016,.206,159,362,
Gose, Anthony,543238,2016,.176,52,130,
Grossman, Robbie,543257,2016,.250,157,454,
Harrison, Josh,543281,2016,.232,327,711,
Hendricks, Kyle,543294,2016,.149,37,91,
Herrmann, Chris,543302,2016,.244,105,226,
Hicks, Aaron,543305,2016,.230,172,460,
Hood, Destin,543329,2016,.167,23,30,
Hosmer, Eric,543333,2016,.257,443,802,
Joseph, Caleb,543376,2016,.212,101,184,
Kipnis, Jason,543401,2016,.265,353,840,
Koehler, Tom,543408,2016,.110,35,71,
Lamb, John,543424,2016,.031,15,33,
Lawrie, Brett,543434,2016,.231,205,485,
Mahtook, Mikie,543484,2016,.192,120,247,
McCann, James,543510,2016,.222,216,461,
Miller, Brad,543543,2016,.239,350,791,
Montgomery, Mike,543557,2016,.108,5,19,
Nieuwenhuis, Kirk,543590,2016,.196,190,491,
Rendon, Anthony,543685,2016,.260,262,850,
Roark, Tanner,543699,2016,.112,42,82,
Robertson, Daniel,543706,2016,.269,4,19,
Rusin, Chris,543734,2016,.170,20,33,
Sands, Jerry,543742,2016,.200,36,79,
Semien, Marcus,543760,2016,.218,326,857,
Shaw, Travis,543768,2016,.230,368,653,
Shuck, JB,543776,2016,.227,114,270,
Springer III, George,543807,2016,.256,391,997,
Strange-Gordon, Dee,543829,2016,.201,217,419,
Vazquez, Christian,543877,2016,.220,116,236,
Wong, Kolten,543939,2016,.240,221,421,
Suarez, Albert,544150,2016,.118,15,28,
Gregorius, Didi,544369,2016,.247,430,715,
Garcia, Leury,544725,2016,.196,29,72,
den Dekker, Matthew,544925,2016,.224,20,49,
Strasburg, Stephen,544931,2016,.175,17,77,
Franklin, Nick,545338,2016,.221,89,260,
Grichuk, Randal,545341,2016,.233,337,655,
Marisnick, Jake,545350,2016,.214,175,428,
Stassi, Max,545358,2016,.194,8,17,
Trout, Mike,545361,2016,.294,351,794,
Herrera, Odubel,546318,2016,.231,518,770,
Almora Jr., Albert,546991,2016,.252,82,122,
Whalen, Rob,547007,2016,.209,3,15,
Wolters, Tony,547172,2016,.207,120,286,
Harper, Bryce,547180,2016,.240,368,695,
Perez, Roberto,547379,2016,.199,85,221,
Kim, Hyun Soo,547957,2016,.269,146,406,
Martin, Leonys,547982,2016,.212,371,773,
Abreu, Jose,547989,2016,.276,568,809,
Verrett, Logan,548337,2016,.093,9,34,
Stripling, Ross,548389,2016,.083,14,33,
Romero, Stefen,552662,2016,.288,11,26,
Narvaez, Omar,553882,2016,.249,41,177,
Machado, Dixon,553988,2016,.219,11,20,
Suarez, Eugenio,553993,2016,.233,341,787,
Perez, Williams,554234,2016,.058,9,25,
Ackley, Dustin,554429,2016,.218,31,71,
Polanco, Gregory,570256,2016,.269,420,687,
Santana, Domingo,570267,2016,.260,144,333,
Gonzalez, Erik,570481,2016,.140,14,24,
Alcantara, Arismendy,570489,2016,.136,17,29,
Sanchez, Yolmer,570560,2016,.224,120,185,
Moya, Steven,570615,2016,.231,109,140,
Urena, Jose,570632,2016,.061,15,20,
Flores, Ramon,570717,2016,.217,147,367,
Schoop, Jonathan,570731,2016,.248,478,865,
Adams, Matt,571431,2016,.231,300,381,
Altherr, Aaron,571437,2016,.213,134,268,
Arenado, Nolan,571448,2016,.257,471,848,
Barnhart, Tucker,571466,2016,.254,202,506,
Bour, Justin,571506,2016,.273,213,336,
Ceciliani, Darrell,571553,2016,.128,17,39,
Corbin, Patrick,571578,2016,.179,31,62,
Fuentes, Rey,571681,2016,.229,23,55,
Gennett, Scooter,571697,2016,.223,367,675,
Goodwin, Brian,571718,2016,.214,27,60,
Hamilton, Billy,571740,2016,.221,209,596,
Haniger, Mitch,571745,2016,.229,54,160,
Hazelbaker, Jeremy,571757,2016,.213,132,289,
Hernandez, Enrique,571771,2016,.205,135,288,
Holt, Brock,571788,2016,.259,168,372,
Jensen, Kyle,571812,2016,.221,23,38,
Joseph, Tommy,571830,2016,.256,242,428,
Kelly, Ty,571841,2016,.217,41,79,
Lamb, Jake,571875,2016,.243,322,730,
Maile, Luke,571912,2016,.208,67,167,
Marrero, Deven,571918,2016,.152,9,13,
Matz, Steven,571927,2016,.217,29,44,
Miller, Shelby,571946,2016,.070,15,38,
Muncy, Max,571970,2016,.222,49,149,
Murphy, John Ryan,571974,2016,.194,38,130,
Myers, Wil,571976,2016,.251,373,800,
Naquin, Tyler,571980,2016,.252,281,489,
Owings, Chris,572008,2016,.259,275,567,
Paulsen, Ben,572019,2016,.206,72,135,
Phegley, Josh,572033,2016,.248,63,97,
Piscotty, Stephen,572039,2016,.260,419,881,
Pollock, AJ,572041,2016,.206,16,41,
Rickard, Joey,572073,2016,.223,154,351,
Schimpf, Ryan,572114,2016,.194,180,445,
Seager, Kyle,572122,2016,.284,324,755,
Shaffer, Richie,572128,2016,.169,25,75,
Susac, Andrew,572180,2016,.264,5,31,
Taylor, Michael A.,572191,2016,.230,121,317,
Thompson, Trayce,572204,2016,.232,127,340,
Zunino, Mike,572287,2016,.187,119,252,
Goins, Ryan,572365,2016,.202,110,218,
Butler, Eddie,572750,2016,.075,10,28,
Carpenter, Matt,572761,2016,.283,289,632,
Dickerson, Corey,572816,2016,.232,483,698,
Dozier, Brian,572821,2016,.231,418,800,
Garneau, Dustin,572863,2016,.208,39,101,
Renda, Tony,573113,2016,.243,26,85,
Ruf, Darin,573131,2016,.227,55,109,
Saladino, Tyler,573135,2016,.245,166,434,
Straily, Dan,573185,2016,.021,31,75,
Vargas, Kennys,573627,2016,.211,94,214,
Segedin, Rob,574847,2016,.220,51,120,
Contreras, Willson,575929,2016,.255,199,339,
Gyorko, Jedd,576397,2016,.236,237,590,
Iglesias, Jose,578428,2016,.245,353,537,
Querecuto, Juniel,578570,2016,.115,11,12,
Travis, Devon,581527,2016,.255,306,549,
Hechavarria, Adeiny,588751,2016,.262,329,665,
Hernandez, Oscar,591712,2016,.315,11,15,
Torreyes, Ronald,591720,2016,.250,88,203,
Austin, Tyler,592122,2016,.196,52,133,
Bryant, Kris,592178,2016,.264,420,889,
Canha, Mark,592192,2016,.181,36,52,
Casali, Curt,592200,2016,.197,125,348,
Castellanos, Nick,592206,2016,.286,316,616,
Cowart, Kaleb,592230,2016,.208,53,118,
Cunningham, Todd,592239,2016,.196,13,39,
DeShields, Delino,592261,2016,.199,107,251,
Drury, Brandon,592273,2016,.255,309,562,
Foltynewicz, Mike,592314,2016,.132,34,46,
Gamel, Ben,592325,2016,.189,27,70,
Gray, Jon,592351,2016,.127,29,64,
Healy, Ryon,592387,2016,.289,182,296,
Holaday, Bryan,592407,2016,.208,71,191,
Hoying, Jared,592419,2016,.211,33,69,
Jenkins, Tyrell,592433,2016,.073,8,17,
Jones, JaCoby,592444,2016,.252,23,37,
Judge, Aaron,592450,2016,.184,67,119,
Machado, Manny,592518,2016,.289,413,852,
Moran, Colin,592567,2016,.212,14,39,
Nicholas, Brett,592592,2016,.200,30,51,
Nicolino, Justin,592593,2016,.115,19,31,
Parker, Jarrett,592620,2016,.234,74,203,
Pederson, Joc,592626,2016,.232,281,536,
Ray, Robbie,592662,2016,.138,46,75,
Realmuto, J.T.,592663,2016,.264,327,704,
Renfroe, Hunter,592669,2016,.295,23,48,
Rivera, Yadiel,592680,2016,.207,32,98,
Rosario, Eddie,592696,2016,.224,282,473,
Rutledge, Josh,592710,2016,.192,36,66,
Sanchez, Aaron,592717,2016,.068,5,7,
Selsky, Steve,592731,2016,.253,37,53,
Simmons, Andrelton,592743,2016,.268,207,551,
Stewart, Brock,592779,2016,.127,9,13,
Syndergaard, Noah,592789,2016,.178,43,85,
Taillon, Jameson,592791,2016,.140,18,44,
Toles, Andrew,592808,2016,.267,78,137,
Velasquez, Vince,592826,2016,.137,18,69,
Waldrop, Kyle,592835,2016,.140,21,36,
Williams, Mason,592863,2016,.254,18,33,
Yelich, Christian,592885,2016,.298,313,782,
Merrifield, Whit,593160,2016,.248,210,399,
Martinez, Carlos,593372,2016,.172,51,62,
Bogaerts, Xander,593428,2016,.254,466,827,
Castro, Daniel,593495,2016,.227,104,162,
Hernandez, Marco,593523,2016,.236,31,74,
Alberto, Hanser,593643,2016,.148,59,58,
Brito, Socrates,593647,2016,.253,69,136,
Hanson, Alen,593700,2016,.165,13,44,
Polanco, Jorge,593871,2016,.268,175,278,
Sano, Miguel,593934,2016,.211,248,612,
Difo, Wilmer,594694,2016,.209,34,84,
Asher, Alec,594742,2016,.113,5,12,
Blair, Aaron,594760,2016,.107,10,21,
Calhoun, Kole,594777,2016,.267,395,841,
deGrom, Jacob,594798,2016,.165,31,55,
Duvall, Adam,594807,2016,.246,383,723,
Eaton, Adam,594809,2016,.259,402,871,
Garcia, Greg,594824,2016,.258,99,305,
Gattis, Evan,594828,2016,.234,311,550,
Gosselin, Phil,594838,2016,.257,124,244,
Schebler, Scott,594988,2016,.253,184,356,
Smith, Josh A.,595001,2016,.092,5,15,
Walsh, Colin,595023,2016,.132,25,71,
Eickhoff, Jerad,595191,2016,.164,39,65,
Kiermaier, Kevin,595281,2016,.240,231,486,
Rogers, Jason,595386,2016,.104,21,28,
Alfaro, Jorge,595751,2016,.096,14,13,
Profar, Jurickson,595777,2016,.233,176,366,
Baez, Javier,595879,2016,.223,399,493,
Goeddel, Tyler,595963,2016,.213,113,299,
Hedges, Austin,595978,2016,.176,20,34,
Lindor, Francisco,596019,2016,.285,382,832,
Odor, Rougned,596059,2016,.246,479,712,
Stephenson, Robert,596112,2016,.074,4,16,
Story, Trevor,596115,2016,.258,253,561,
Swihart, Blake,596119,2016,.249,44,78,
Vogelbach, Daniel,596129,2016,.057,4,13,
Weaver, Luke,596133,2016,.241,6,19,
Sanchez, Gary,596142,2016,.272,162,257,
Sardinas, Luis,596143,2016,.210,130,249,
Cuthbert, Cheslor,596144,2016,.231,296,693,
Kepler, Max,596146,2016,.238,268,482,
Quinn, Roman,596451,2016,.199,28,93,
Franco, Maikel,596748,2016,.255,377,770,
Choi, Ji-Man,596847,2016,.186,50,161,
Bradley Jr., Jackie,598265,2016,.242,354,775,
O'Brien, Peter,598284,2016,.182,59,92,
Motter, Taylor,600301,2016,.200,51,119,
La Stella, Tommy,600303,2016,.243,93,226,
Severino, Pedro,600474,2016,.110,15,40,
Nunez, Renato,600524,2016,.208,19,22,
Candelario, Jeimer,600869,2016,.135,10,16,
Rondon, Jose,602922,2016,.182,12,36,
Ahmed, Nick,605113,2016,.232,138,408,
Asche, Cody,605125,2016,.231,125,284,
Barnes, Austin,605131,2016,.134,16,55,
Bell, Josh,605137,2016,.252,73,202,
Betts, Mookie,605141,2016,.275,295,824,
Bradley, Archie,605151,2016,.055,24,43,
Coats, Jason,605183,2016,.208,30,64,
Davies, Zach,605200,2016,.091,24,77,
Featherston, Taylor,605227,2016,.103,16,48,
Fernandez, Jose,605228,2016,.165,40,65,
Finnegan, Brandon,605232,2016,.135,40,73,
Morgan, Adam,605388,2016,.126,23,29,
Nola, Aaron,605400,2016,.059,10,36,
Panik, Joe,605412,2016,.247,225,598,
Reed, Michael,605439,2016,.177,8,24,
Ross, Joe,605452,2016,.199,26,59,
Smith, Mallex,605480,2016,.191,114,262,
Spangenberg, Cory,605486,2016,.201,25,64,
Tomlinson, Kelby,605509,2016,.264,63,145,
Tucker, Preston,605512,2016,.201,84,205,
Wisler, Matt,605538,2016,.110,30,61,
Arcia, Orlando,606115,2016,.199,138,282,
Perdomo, Luis,606131,2016,.154,24,51,
Tapia, Raimel,606132,2016,.204,36,47,
Hernandez, Teoscar,606192,2016,.204,57,143,
Peraza, Jose,606299,2016,.307,159,304,
Marte, Ketel,606466,2016,.240,286,573,
Nimmo, Brandon,607043,2016,.273,49,116,
Peterson, Jace,607054,2016,.269,180,479,
Rea, Colin,607067,2016,.132,24,50,
Turner, Trea,607208,2016,.279,199,385,
Reed, AJ,607223,2016,.186,71,170,
Gsellman, Robert,607229,2016,.046,7,10,
Gant, John,607231,2016,.191,3,11,
Smith, Kevan,607345,2016,.164,7,28,
Collins, Tyler,607385,2016,.217,73,204,
Rua, Ryan,607387,2016,.228,140,321,
Lugo, Seth,607625,2016,.194,14,16,
Pillar, Kevin,607680,2016,.253,392,661,
Stallings, Jacob,607732,2016,.147,7,27,
Williamson, Mac,607776,2016,.225,84,175,
Rivera, T.J.,608061,2016,.267,80,138,
Ramirez, Jose,608070,2016,.287,322,747,
Bregman, Alex,608324,2016,.246,97,292,
Gallo, Joey,608336,2016,.055,18,46,
Kelly, Carson,608348,2016,.162,4,16,
Russell, Addison,608365,2016,.229,342,823,
Seager, Corey,608369,2016,.295,375,929,
Wacha, Michael,608379,2016,.038,16,72,
Mazara, Nomar,608577,2016,.261,400,607,
Murphy, Tom,608596,2016,.253,35,70,
Jankowski, Travis,608671,2016,.228,175,468,
Plawecki, Kevin,608700,2016,.173,86,181,
Refsnyder, Rob,608701,2016,.267,80,202,
Reynolds, Matt,608703,2016,.219,55,121,
Mondesi, Adalberto,609275,2016,.156,117,166,
Garcia, Adonis,611177,2016,.274,375,669,
Chen, Wei-Yin,612672,2016,.039,33,74,
Swanson, Dansby,621020,2016,.254,78,186,
Taylor, Chris,621035,2016,.235,23,104,
Correa, Carlos,621043,2016,.280,394,783,
Reyes, Alex,621052,2016,.175,9,24,
Eflin, Zach,621107,2016,.210,18,30,
Dahl, David,621311,2016,.242,161,324,
Buxton, Byron,621439,2016,.184,217,405,
Wendle, Joey,621563,2016,.272,63,113,
Olson, Matt,621566,2016,.181,13,22,
Wood, Alex,622072,2016,.078,9,18,
Thompson, Jake,622097,2016,.128,7,26,
Duffy, Matt,622110,2016,.259,184,460,
Maxwell, Bruce,622194,2016,.276,57,141,
Margot, Manuel,622534,2016,.277,19,51,
Brown, Trevor,623143,2016,.208,91,249,
Kivlehan, Patrick,623182,2016,.164,25,28,
Conforto, Michael,624424,2016,.224,203,417,
Frazier, Adam,624428,2016,.269,81,234,
Puig, Yasiel,624577,2016,.244,199,472,
Soler, Jorge,624585,2016,.218,137,345,
Lopez, Reynaldo,625643,2016,.103,6,18,
Maeda, Kenta,628317,2016,.136,49,76,
Heredia, Guillermo,628338,2016,.243,33,136,
Kang, Jung Ho,628356,2016,.237,166,454,
Iglesias, Raisel,628452,2016,.191,5,9,
Urias, Julio,628711,2016,.123,20,26,
Tomas, Yasmany,630111,2016,.272,440,696,
Pinder, Chad,640461,2016,.226,32,77,
Shipley, Braden,640463,2016,.160,9,33,
Anderson, Tim,641313,2016,.249,267,541,
Asuaje, Carlos,641319,2016,.201,9,33,
Dozier, Hunter,641531,2016,.236,16,28,
Kuhl, Chad,641771,2016,.092,15,37,
Mancini III, Trey,641820,2016,.395,16,14,
Patterson, Jordan,641958,2016,.333,11,25,
Reed, Cody,642003,2016,.031,8,13,
Valaika, Pat,642162,2016,.141,14,25,
Benintendi, Andrew,643217,2016,.230,52,153,
Godley, Zack,643327,2016,.114,14,25,
Kemp, Tony,643393,2016,.186,65,159,
White, Tyler,643603,2016,.214,196,306,
Diaz, Aledmys,649557,2016,.252,229,559,
Moncada, Yoan,660162,2016,.154,7,23,
Park, ByungHo,666560,2016,.225,129,348,
Colon, Bartolo,112526,2017,.054,18,19,
Beltre, Adrian,134181,2017,.282,249,486,
Beltran, Carlos,136860,2017,.229,340,581,
Werth, Jayson,150029,2017,.235,131,368,
Arroyo, Bronson,276520,2017,.227,12,29,
Dickey, R.A.,285079,2017,.150,78,80,
Suzuki, Ichiro,400085,2017,.220,109,287,
Martinez, Victor,400121,2017,.246,212,530,
Utley, Chase,400284,2017,.239,117,395,
Pujols, Albert,405395,2017,.259,416,750,
Lackey, John,407793,2017,.122,27,73,
Holliday, Matt,407812,2017,.230,235,519,
Mauer, Joe,408045,2017,.308,244,703,
Cabrera, Miguel,408234,2017,.275,319,685,
Gonzalez, Adrian,408236,2017,.240,134,315,
Phillips, Brandon,408252,2017,.268,439,731,
Reyes, Jose,408314,2017,.238,322,607,
Peralta, Jhonny,425509,2017,.283,34,73,
Mathis, Jeff,425772,2017,.200,99,278,
Choo, Shin-Soo,425783,2017,.269,261,809,
Rivera, Rene,425784,2017,.251,160,322,
Wainwright, Adam,425794,2017,.200,29,66,
Greinke, Zack,425844,2017,.221,46,88,
Molina, Yadier,425877,2017,.260,310,717,
Cano, Robinson,429664,2017,.288,358,817,
Encarnacion, Edwin,429665,2017,.266,317,914,
Hardy, J.J.,429666,2017,.226,112,282,
Gutierrez, Franklin,429711,2017,.237,41,78,
Jackson, Edwin,429719,2017,.115,11,31,
Santana, Ervin,429722,2017,.086,4,12,
Weeks Jr., Rickie,430001,2017,.172,55,147,
Raburn, Ryan,430605,2017,.261,39,90,
Bautista, Jose,430832,2017,.204,360,836,
Cain, Matt,430912,2017,.124,28,47,
Jones, Adam,430945,2017,.254,520,783,
Aybar, Erick,430947,2017,.227,210,434,
Hill, Aaron,431094,2017,.219,36,98,
Martin, Russell,431145,2017,.237,115,475,
Blanco, Andres,433217,2017,.190,80,215,
Granderson, Curtis,434158,2017,.220,238,656,
Ruiz, Carlos,434563,2017,.240,51,180,
Soto, Geovany,434567,2017,.294,17,63,
Morse, Michael,434604,2017,.225,28,61,
Davis, Rajai,434658,2017,.220,197,459,
Ramirez, Hanley,434670,2017,.260,307,679,
Morales, Kendrys,434778,2017,.266,410,727,
Kendrick III, Howie,435062,2017,.263,201,418,
Napoli, Mike,435063,2017,.200,275,640,
Kinsler, Ian,435079,2017,.243,296,743,
McCarthy, Brandon,435221,2017,.094,12,27,
McCann, Brian,435263,2017,.246,239,442,
Walker, Neil,435522,2017,.256,214,494,
Suzuki, Kurt,435559,2017,.255,220,357,
Desmond, Ian,435622,2017,.224,177,466,
Cruz Jr., Nelson,443558,2017,.280,369,773,
Jaso, John,444379,2017,.210,125,441,
Trumbo, Mark,444432,2017,.229,390,731,
Peralta, David,444482,2017,.256,320,703,
Pina, Manny,444489,2017,.247,218,500,
Ethier, Andre,444843,2017,.251,14,51,
Feldman, Scott,444857,2017,.107,34,52,
Escobar, Alcides,444876,2017,.250,404,795,
Jay, Jon,445055,2017,.274,272,600,
Prado, Martin,445988,2017,.249,66,166,
Duda, Lucas,446263,2017,.236,260,542,
Wieters, Matt,446308,2017,.230,236,623,
Longoria, Evan,446334,2017,.247,409,812,
Cozart, Zack,446359,2017,.250,229,620,
Barney, Darwin,446381,2017,.218,203,447,
Guyer, Brandon,446386,2017,.241,72,257,
Rodriguez, Sean,446481,2017,.172,86,211,
Lobaton, Jose,446653,2017,.218,74,230,
Hill, Rich,448179,2017,.118,34,56,
Reynolds, Mark,448602,2017,.222,281,796,
Ruggiano, Justin,448605,2017,.217,31,95,
Davis, Chris,448801,2017,.219,285,597,
Garcia, Jaime,448802,2017,.129,34,51,
Guerra, Junior,448855,2017,.085,15,24,
Aviles, Mike,449107,2017,.237,45,122,
Orlando, Paulo,449181,2017,.275,58,117,
Volquez, Edinson,450172,2017,.093,23,28,
Weaver, Jered,450308,2017,.057,4,8,
Zobrist, Ben,450314,2017,.250,206,549,
Peterson, Shane,451089,2017,.215,41,143,
Adduci, Jim,451192,2017,.213,53,121,
Fowler, Dexter,451594,2017,.274,210,626,
Flowers, Tyler,452095,2017,.263,180,507,
Headley, Chase,452104,2017,.244,286,731,
Drew, Stephen,452220,2017,.214,55,122,
Smith, Seth,452234,2017,.264,189,439,
Lind, Adam,452252,2017,.279,178,346,
Pence, Hunter,452254,2017,.254,329,625,
Span, Denard,452655,2017,.279,234,660,
Lester, Jon,452657,2017,.142,20,82,
Hanigan, Ryan,452672,2017,.223,39,141,
Cabrera, Asdrubal,452678,2017,.259,270,690,
Ellsbury, Jacoby,453056,2017,.256,146,521,
Tulowitzki, Troy,453064,2017,.235,139,294,
Robinson, Shane,453203,2017,.187,19,31,
Stubbs, Drew,453211,2017,.113,11,29,
Scherzer, Max,453286,2017,.171,31,94,
Richard, Clayton,453385,2017,.094,53,75,
Arrieta, Jake,453562,2017,.120,28,71,
Blackmon, Charlie,453568,2017,.283,375,932,
Blanco, Gregor,453923,2017,.219,89,340,
Frazier, Todd,453943,2017,.226,286,707,
Ellis, A.J.,454560,2017,.191,55,215,
Iannetta, Chris,455104,2017,.222,135,471,
Maldonado, Martin,455117,2017,.207,278,597,
Chirinos, Robinson,455139,2017,.214,178,375,
Stewart, Chris,455755,2017,.209,40,187,
Young, Chris,455759,2017,.225,116,299,
Markakis, Nick,455976,2017,.267,320,774,
Pedroia, Dustin,456030,2017,.268,184,551,
Castillo, Welington,456078,2017,.253,176,424,
Nunez, Eduardo,456488,2017,.254,337,566,
Cueto, Johnny,456501,2017,.084,28,56,
Pearce, Steve,456665,2017,.236,161,464,
Bailey, Homer,456701,2017,.140,22,47,
Cain, Lorenzo,456715,2017,.299,327,912,
Saltalamacchia, Jarrod,457454,2017,.080,20,28,
De Aza, Alejandro,457477,2017,.217,29,95,
McCutchen, Andrew,457705,2017,.274,258,875,
Jackson, Austin,457706,2017,.276,143,433,
Upton, Justin,457708,2017,.248,315,845,
Maybin, Cameron,457727,2017,.230,177,510,
Turner, Justin,457759,2017,.295,225,652,
Posey III, Buster,457763,2017,.276,245,667,
Espinosa, Danny,457787,2017,.181,161,412,
Bruce, Jay,457803,2017,.257,381,821,
Janish, Paul,457926,2017,.146,13,46,
Votto, Joey,458015,2017,.294,177,952,
Coghlan, Chris,458085,2017,.204,54,120,
Rasmus, Colby,458675,2017,.247,82,177,
Lynn, Lance,458681,2017,.088,37,91,
Gardner, Brett,458731,2017,.266,328,707,
Young Jr., Eric,458913,2017,.207,44,171,
Saunders, Michael,459431,2017,.223,138,325,
Joyce, Matt,459964,2017,.249,216,733,
Hundley, Nick,460026,2017,.238,163,435,
Pennington, Cliff,460060,2017,.225,121,279,
Braun, Ryan,460075,2017,.266,283,515,
Butera, Drew,460077,2017,.207,87,238,
Gordon, Alex,460086,2017,.221,278,760,
Gimenez, Chris,460269,2017,.208,120,278,
Gomez, Carlos,460576,2017,.244,340,557,
Moss, Brandon,461235,2017,.235,242,554,
Kemp, Matt,461314,2017,.285,326,582,
Gonzalez, Gio,461829,2017,.106,55,84,
Plouffe, Trevor,461858,2017,.220,170,391,
Romine, Andrew,461865,2017,.234,203,485,
Andrus, Elvis,462101,2017,.264,404,800,
Cervelli, Francisco,465041,2017,.243,113,387,
Florimon, Pedro,465753,2017,.261,29,78,
Cabrera, Melky,466320,2017,.295,395,710,
Bonifacio, Emilio,466988,2017,.185,22,52,
Sandoval, Pablo,467055,2017,.225,256,375,
Ramos, Wilson,467092,2017,.250,127,269,
Nova, Ivan,467100,2017,.047,49,76,
Santana, Carlos,467793,2017,.265,264,792,
Parra, Gerardo,467827,2017,.263,266,518,
Chacin, Jhoulys,468504,2017,.146,35,78,
Montero, Miguel,471083,2017,.177,104,293,
Gonzalez, Carlos,471865,2017,.231,330,623,
Valbuena, Luis,472528,2017,.204,206,547,
Mercer, Jordy,474568,2017,.247,263,623,
Worley, Vance,474699,2017,.167,13,32,
Belt, Brandon,474832,2017,.259,205,643,
Carter, Chris,474892,2017,.194,128,295,
Van Slyke, Scott,475100,2017,.200,15,61,
Alonso, Yonder,475174,2017,.258,290,679,
Wood, Travis,475243,2017,.203,9,26,
Flaherty, Ryan,475247,2017,.194,18,54,
Smoak, Justin,475253,2017,.275,330,754,
Zimmerman, Ryan,475582,2017,.287,347,626,
Hellickson, Jeremy,476451,2017,.105,22,48,
Lowrie, Jed,476704,2017,.287,285,948,
Alvarez, Pedro,476883,2017,.262,26,42,
Kershaw, Clayton,477132,2017,.184,31,84,
Carrera, Ezequiel,485567,2017,.230,152,366,
Avila, Alex,488671,2017,.255,85,467,
Bourjos, Peter,488721,2017,.208,130,268,
Brantley Jr., Michael,488726,2017,.287,145,467,
Castro, Jason,488771,2017,.240,144,591,
d'Arnaud, Chase,488818,2017,.187,38,75,
Escobar, Yunel,488862,2017,.270,163,466,
Gosewisch, Tuffy,488912,2017,.105,16,47,
Moore, Tyler,489138,2017,.215,133,254,
Morrison, Logan,489149,2017,.251,310,752,
Rosales, Adam,489267,2017,.187,166,415,
Garza, Matt,490063,2017,.091,15,44,
Hernandez, Gorkys,491676,2017,.236,188,485,
Sucre, Jesus,491696,2017,.250,113,222,
Graterol, Juan,492802,2017,.240,71,90,
Martinez, Michael,492841,2017,.196,22,47,
Aoki, Norichika,493114,2017,.253,176,489,
Cespedes, Yoenis,493316,2017,.267,220,419,
Gurriel, Yuli,493329,2017,.285,316,616,
Beckham, Gordon,493596,2017,.196,13,20,
Solarte, Yangervis,500208,2017,.235,310,584,
Rojas, Miguel,500743,2017,.277,187,362,
Quintana, Jose,500779,2017,.061,17,43,
Escobar, Eduardo,500871,2017,.257,354,697,
Martinez, Jose,500874,2017,.323,156,352,
Adrianza, Ehire,501303,2017,.232,81,234,
Lagares, Juan,501571,2017,.229,168,319,
Almonte, Abraham,501659,2017,.241,104,261,
Freese, David,501896,2017,.253,240,632,
Davis, Khris,501981,2017,.258,293,919,
Marrero, Chris,502029,2017,.191,26,47,
Locke, Jeff,502046,2017,.006,7,8,
Pham, Tommy,502054,2017,.282,167,626,
Chisenhall, Lonnie,502082,2017,.248,182,361,
Presley, Alex,502100,2017,.293,113,383,
Martinez, J.D.,502110,2017,.293,261,705,
Negron, Kristopher,502117,2017,.185,10,44,
Valencia, Danny,502143,2017,.233,259,568,
Huffman, Chad,502151,2017,.217,7,18,
Samardzija, Jeff,502188,2017,.146,45,84,
Leake, Mike,502190,2017,.208,32,66,
Reddick, Josh,502210,2017,.288,311,584,
Gentry, Craig,502226,2017,.260,50,143,
Cahill, Trevor,502239,2017,.261,12,24,
Freeman, Mike,502273,2017,.158,38,99,
Heisey, Chris,502317,2017,.185,46,113,
Dyson, Jarrod,502481,2017,.239,165,450,
Murphy, Daniel,502517,2017,.300,354,668,
Gale, Rocky,502570,2017,.089,7,19,
Anderson, Chase,502624,2017,.086,40,60,
Goldschmidt, Paul,502671,2017,.279,338,774,
Peralta, Wily,503449,2017,.266,6,18,
Gonzalez, Marwin,503556,2017,.245,307,589,
Darvish, Yu,506433,2017,.017,11,14,
Amarista, Alexi,506560,2017,.211,126,225,
Leon, Sandy,506702,2017,.204,191,363,
Sanchez, Adrian,506703,2017,.260,42,103,
Pena, Francisco,506747,2017,.396,7,15,
Cardullo, Stephen,506924,2017,.218,28,34,
Altuve, Jose,514888,2017,.286,410,688,
Tejada, Ruben,514913,2017,.270,51,170,
Hernandez, Cesar,514917,2017,.264,235,715,
Segura, Jean,516416,2017,.263,331,717,
Castro, Starlin,516770,2017,.260,310,607,
Marte, Starling,516782,2017,.252,196,449,
Sanchez, Hector,516949,2017,.206,84,204,
Pirela, Jose,517369,2017,.263,201,404,
Bettis, Chad,518452,2017,.032,6,16,
Blash, Jabari,518466,2017,.232,74,274,
Bumgarner, Madison,518516,2017,.250,29,47,
Centeno, Juan,518542,2017,.273,32,58,
Colon, Christian,518568,2017,.122,29,65,
Culberson, Charlie,518586,2017,.244,10,23,
d'Arnaud, Travis,518595,2017,.241,207,494,
Descalso, Daniel,518614,2017,.218,135,502,
Dietrich, Derek,518618,2017,.252,266,577,
Donaldson, Josh,518626,2017,.251,213,643,
Eibner, Brett,518649,2017,.197,17,52,
Freeman, Freddie,518692,2017,.289,302,700,
Fryer, Eric,518700,2017,.167,33,118,
Grandal, Yasmani,518735,2017,.210,304,581,
Harvey, Matt,518774,2017,.130,22,45,
Heyward, Jason,518792,2017,.258,231,553,
Kozma, Pete,518902,2017,.124,25,69,
LeMahieu, DJ,518934,2017,.300,275,827,
Lucroy, Jonathan,518960,2017,.257,190,588,
Mesoraco, Devin,519023,2017,.206,116,202,
Middlebrooks, Will,519025,2017,.260,16,53,
Moncrief, Carlos,519037,2017,.215,25,61,
Moore, Matt,519043,2017,.133,25,70,
Moreland, Mitch,519048,2017,.260,324,692,
Moustakas, Mike,519058,2017,.267,475,770,
Navarro, Efren,519068,2017,.224,37,103,
Nelson, Jimmy,519076,2017,.066,38,76,
Norris, Derek,519083,2017,.231,93,278,
Revere, Ben,519184,2017,.298,137,356,
Rizzo, Anthony,519203,2017,.276,390,849,
Romine, Austin,519222,2017,.249,157,303,
Rupp, Cameron,519237,2017,.198,182,426,
Smolinski, Jake,519295,2017,.240,15,42,
Sogard, Eric,519299,2017,.262,130,311,
Souza Jr., Steven,519306,2017,.232,276,803,
Stanton, Giancarlo,519317,2017,.273,370,795,
Szczur, Matt,519333,2017,.194,101,308,
Thames, Eric,519346,2017,.227,303,698,
Vogt, Stephen,519390,2017,.228,208,341,
Galvis, Freddy,520471,2017,.238,436,845,
Perez, Salvador,521692,2017,.276,450,568,
Forsythe, Logan,523253,2017,.235,118,501,
Flores, Wilmer,527038,2017,.255,223,534,
Marte, Jefry,527043,2017,.199,61,177,
Puello, Cesar,527049,2017,.174,22,48,
Teheran, Julio,527054,2017,.138,41,77,
Adleman, Tim,534947,2017,.122,12,33,
Nava, Daniel,537953,2017,.278,78,267,
Garcia, Avisail,541645,2017,.291,397,766,
Perez, Hernan,541650,2017,.254,316,509,
Perez, Carlos,542208,2017,.103,12,25,
Inciarte, Ender,542255,2017,.258,458,883,
Ozuna, Marcell,542303,2017,.280,412,847,
Villar, Jonathan,542340,2017,.212,247,597,
Adames, Cristhian,542436,2017,.050,6,21,
Santana, Danny,542454,2017,.208,117,233,
Telis, Tomas,542513,2017,.245,57,125,
Aguilar, Jesus,542583,2017,.241,205,404,
Liriano, Rymer,542642,2017,.194,21,81,
Anderson, Tyler,542881,2017,.064,23,43,
Bandy, Jett,542908,2017,.208,145,218,
Beckham, Tim,542921,2017,.256,346,799,
Brantly, Rob,542963,2017,.201,29,46,
Broxton, Keon,542979,2017,.217,228,650,
Chatwood, Tyler,543022,2017,.157,19,57,
Cole, Gerrit,543037,2017,.117,44,88,
Coleman, Dusty,543038,2017,.212,28,114,
Conley, Adam,543045,2017,.122,22,37,
Crawford, Brandon,543063,2017,.240,324,790,
Cron, C.J.,543068,2017,.257,244,479,
Davis, Taylor,543089,2017,.150,5,15,
Decker, Jaff,543094,2017,.228,27,67,
Federowicz, Tim,543148,2017,.301,4,17,
Giavotella, Johnny,543213,2017,.135,3,13,
Gillaspie, Conor,543216,2017,.191,46,98,
Gomes, Yan,543228,2017,.206,260,506,
Grossman, Robbie,543257,2017,.269,143,555,
Harrison, Josh,543281,2017,.246,322,713,
Hendricks, Kyle,543294,2017,.071,26,63,
Herrmann, Chris,543302,2017,.215,122,349,
Hicks, Aaron,543305,2017,.246,162,421,
Hicks, John,543308,2017,.254,127,294,
Higashioka, Kyle,543309,2017,.165,8,31,
Hosmer, Eric,543333,2017,.284,365,843,
Jimenez, A.J.,543362,2017,.080,13,14,
Joseph, Caleb,543376,2017,.240,155,349,
Kipnis, Jason,543401,2017,.234,192,477,
Koehler, Tom,543408,2017,.054,12,26,
Lavarnway, Ryan,543432,2017,.351,10,15,
Lyles, Jordan,543475,2017,.130,1,15,
Mahtook, Mikie,543484,2017,.265,209,462,
McCann, James,543510,2017,.259,223,492,
Miller, Brad,543543,2017,.215,233,515,
Milone, Tommy,543548,2017,.087,2,15,
Montgomery, Mike,543557,2017,.187,16,40,
Nieuwenhuis, Kirk,543590,2017,.180,21,39,
Ortiz, Danny,543611,2017,.259,7,11,
Rendon, Anthony,543685,2017,.272,243,813,
Roark, Tanner,543699,2017,.088,19,95,
Robertson, Daniel,543706,2017,.252,22,105,
Rusin, Chris,543734,2017,.299,7,9,
Semien, Marcus,543760,2017,.238,191,522,
Shaw, Travis,543768,2017,.250,359,719,
Springer III, George,543807,2017,.285,283,849,
Strange-Gordon, Dee,543829,2017,.247,392,895,
Vazquez, Christian,543877,2017,.252,186,397,
Wong, Kolten,543939,2017,.252,203,475,
Gregorius, Didi,544369,2017,.253,409,786,
Garcia, Leury,544725,2017,.255,177,425,
Strasburg, Stephen,544931,2017,.188,25,77,
Vargas, Ildemaro,545121,2017,.163,5,10,
Fontana, Nolan,545337,2017,.161,8,21,
Franklin, Nick,545338,2017,.254,47,150,
Grichuk, Randal,545341,2017,.234,251,580,
Marisnick, Jake,545350,2017,.200,168,373,
Stassi, Max,545358,2017,.230,11,40,
Trout, Mike,545361,2017,.294,210,591,
Herrera, Odubel,546318,2017,.255,444,705,
Almora Jr., Albert,546991,2017,.258,193,379,
Ruiz, Rio,547004,2017,.222,93,242,
Delmonico, Nicky,547170,2017,.225,61,243,
Wolters, Tony,547172,2017,.206,112,330,
Lorenzen, Michael,547179,2017,.210,8,20,
Harper, Bryce,547180,2017,.289,341,621,
Perez, Roberto,547379,2017,.216,112,324,
Ngoepe, Gift,547912,2017,.140,26,78,
Ryu, Hyun Jin,547943,2017,.157,18,41,
Kim, Hyun Soo,547957,2017,.263,96,321,
Martin, Leonys,547982,2017,.205,74,192,
Abreu, Jose,547989,2017,.283,403,812,
Diaz, Elias,553869,2017,.225,83,285,
Narvaez, Omar,553882,2017,.252,118,396,
Machado, Dixon,553988,2017,.240,69,205,
Suarez, Eugenio,553993,2017,.258,293,824,
Wheeler, Zack,554430,2017,.120,24,26,
Polanco, Gregory,570256,2017,.259,247,524,
Santana, Domingo,570267,2017,.263,312,828,
Gonzalez, Erik,570481,2017,.254,87,163,
Urshela, Gio,570482,2017,.250,119,201,
Alcantara, Arismendy,570489,2017,.173,70,141,
Sanchez, Yolmer,570560,2017,.238,329,670,
Urena, Jose,570632,2017,.100,39,59,
Schoop, Jonathan,570731,2017,.261,445,861,
Villanueva, Christian,570799,2017,.209,12,54,
Adams, Matt,571431,2017,.268,309,461,
Altherr, Aaron,571437,2017,.254,206,490,
Arenado, Nolan,571448,2017,.276,386,857,
Barnhart, Tucker,571466,2017,.262,181,544,
Bour, Justin,571506,2017,.275,292,484,
Corbin, Patrick,571578,2017,.109,46,82,
Davidson, Matt,571602,2017,.216,262,629,
Farmer, Kyle,571657,2017,.373,16,22,
Freitas, David,571679,2017,.253,14,26,
Fuentes, Rey,571681,2017,.243,99,193,
Gennett, Scooter,571697,2017,.248,318,633,
Goodwin, Brian,571718,2017,.252,138,335,
Hamilton, Billy,571740,2017,.231,328,830,
Haniger, Mitch,571745,2017,.251,181,481,
Hazelbaker, Jeremy,571757,2017,.238,34,89,
Hernandez, Enrique,571771,2017,.215,175,476,
Holt, Brock,571788,2017,.187,68,178,
Joseph, Tommy,571830,2017,.235,372,618,
Kelly, Ty,571841,2017,.218,34,129,
Lamb, Jake,571875,2017,.247,267,730,
Maile, Luke,571912,2017,.160,86,158,
Marrero, Deven,571918,2017,.201,113,253,
Matz, Steven,571927,2017,.191,15,35,
Myers, Wil,571976,2017,.230,344,813,
Naquin, Tyler,571980,2017,.221,24,45,
Ohlman, Mike,572000,2017,.183,6,15,
Owings, Chris,572008,2017,.231,266,481,
Phegley, Josh,572033,2017,.246,99,183,
Piscotty, Stephen,572039,2017,.239,211,525,
Pollock, AJ,572041,2017,.283,223,503,
Rickard, Joey,572073,2017,.229,166,337,
Schimpf, Ryan,572114,2017,.165,82,239,
Seager, Kyle,572122,2017,.253,297,776,
Susac, Andrew,572180,2017,.060,5,16,
Taylor, Michael A.,572191,2017,.228,245,559,
Thompson, Trayce,572204,2017,.190,22,70,
Vincej, Zach,572227,2017,.094,6,19,
Voit III, Luke,572228,2017,.249,64,173,
Walker, Christian,572233,2017,.283,11,24,
Zunino, Mike,572287,2017,.211,262,603,
Goins, Ryan,572365,2017,.205,247,504,
Adams, Lane,572669,2017,.260,66,167,
Butler, Eddie,572750,2017,.102,13,27,
Carpenter, Matt,572761,2017,.248,196,729,
Dickerson, Corey,572816,2017,.252,581,859,
Dozier, Brian,572821,2017,.242,383,795,
Garneau, Dustin,572863,2017,.196,74,191,
Perkins, Cameron,573088,2017,.214,54,105,
Saladino, Tyler,573135,2017,.184,126,359,
Straily, Dan,573185,2017,.065,23,69,
Vargas, Kennys,573627,2017,.229,155,354,
Segedin, Rob,574847,2017,.172,16,24,
Contreras, Willson,575929,2017,.249,237,518,
Gyorko, Jedd,576397,2017,.228,276,623,
Iglesias, Jose,578428,2017,.250,289,533,
Travis, Devon,581527,2017,.284,103,247,
Hechavarria, Adeiny,588751,2017,.264,240,423,
Torreyes, Ronald,591720,2017,.228,197,420,
Osuna, Jose,591741,2017,.253,141,272,
Valera, Breyvic,591971,2017,.068,3,14,
Garcia, Willy,591994,2017,.216,69,141,
Austin, Tyler,592122,2017,.261,29,57,
Bryant, Kris,592178,2017,.256,348,830,
Canha, Mark,592192,2017,.217,151,260,
Casali, Curt,592200,2017,.136,5,11,
Castellanos, Nick,592206,2017,.284,430,870,
Cowart, Kaleb,592230,2017,.235,60,152,
DeShields, Delino,592261,2017,.200,159,568,
Drury, Brandon,592273,2017,.253,261,562,
Foltynewicz, Mike,592314,2017,.087,33,66,
Gamel, Ben,592325,2017,.249,284,681,
Goodrum, Niko,592348,2017,.128,12,37,
Gray, Jon,592351,2017,.084,23,55,
Healy, Ryon,592387,2017,.246,393,677,
Holaday, Bryan,592407,2017,.281,19,35,
Hoying, Jared,592419,2017,.212,52,87,
Jones, JaCoby,592444,2017,.176,85,201,
Judge, Aaron,592450,2017,.284,382,816,
Machado, Manny,592518,2017,.278,402,818,
Moran, Colin,592567,2017,.336,7,14,
Nicholas, Brett,592592,2017,.244,48,87,
Nicolino, Justin,592593,2017,.057,6,22,
Parker, Jarrett,592620,2017,.228,71,256,
Pederson, Joc,592626,2017,.240,172,419,
Ray, Robbie,592662,2017,.153,42,76,
Realmuto, J.T.,592663,2017,.277,299,744,
Renfroe, Hunter,592669,2017,.226,321,560,
Robinson, Drew,592685,2017,.211,53,200,
Rosario, Eddie,592696,2017,.263,416,777,
Rutledge, Josh,592710,2017,.222,59,135,
Simmons, Andrelton,592743,2017,.256,310,739,
Syndergaard, Noah,592789,2017,.188,9,10,
Taillon, Jameson,592791,2017,.128,18,55,
Toles, Andrew,592808,2017,.263,74,124,
Velasquez, Vince,592826,2017,.158,9,33,
Walker, Taijuan,592836,2017,.198,28,76,
Williams, Mason,592863,2017,.200,12,25,
Williams, Trevor,592866,2017,.123,21,59,
Wojciechowski, Asher,592879,2017,.047,12,16,
Yelich, Christian,592885,2017,.283,346,867,
Merrifield, Whit,593160,2017,.271,372,826,
Martinez, Carlos,593372,2017,.146,59,85,
Bogaerts, Xander,593428,2017,.239,365,672,
Hernandez, Marco,593523,2017,.265,46,84,
Calixte, Orlando,593525,2017,.201,21,77,
Torres, Ramon,593527,2017,.246,44,106,
Bonifacio, Jorge,593528,2017,.252,217,667,
Hanson, Alen,593700,2017,.192,120,303,
Polanco, Jorge,593871,2017,.237,242,665,
Sano, Miguel,593934,2017,.239,272,685,
May, Jacob,594576,2017,.102,23,63,
Difo, Wilmer,594694,2017,.258,235,466,
Calhoun, Kole,594777,2017,.245,395,806,
deGrom, Jacob,594798,2017,.229,44,89,
Duvall, Adam,594807,2017,.223,400,778,
Eaton, Adam,594809,2017,.241,51,131,
Garcia, Greg,594824,2017,.238,79,385,
Gattis, Evan,594828,2017,.280,205,340,
Gosselin, Phil,594838,2017,.168,29,55,
Lively, Ben,594902,2017,.168,9,37,
Schebler, Scott,594988,2017,.249,330,646,
Brugman, Jaycob,595144,2017,.228,83,200,
Eickhoff, Jerad,595191,2017,.147,27,38,
Hannemann, Jacob,595238,2017,.198,10,28,
Kiermaier, Kevin,595281,2017,.221,248,545,
Knapp, Andrew,595284,2017,.228,80,265,
Riddle, JT,595375,2017,.234,139,328,
Stassi, Brock,595426,2017,.200,44,127,
Wallach, Chad,595453,2017,.156,8,19,
Alfaro, Jorge,595751,2017,.266,84,158,
Profar, Jurickson,595777,2017,.212,37,90,
Baez, Javier,595879,2017,.236,428,589,
Bird, Greg,595885,2017,.200,62,246,
Cole, A.J.,595918,2017,.188,7,20,
Evans, Phillip,595943,2017,.245,13,49,
Gallagher, Cam,595956,2017,.230,10,30,
Hedges, Austin,595978,2017,.194,277,522,
Lindor, Francisco,596019,2017,.276,412,876,
Odor, Rougned,596059,2017,.228,488,781,
Peters, Dillon,596071,2017,.010,2,14,
Slater, Austin,596103,2017,.230,60,159,
Smith Jr., Dwight,596105,2017,.206,12,41,
Stephenson, Robert,596112,2017,.058,10,38,
Story, Trevor,596115,2017,.210,296,786,
Vogelbach, Daniel,596129,2017,.187,23,31,
Weaver, Luke,596133,2017,.086,9,31,
Sanchez, Gary,596142,2017,.283,352,607,
Sardinas, Luis,596143,2017,.189,32,57,
Cuthbert, Cheslor,596144,2017,.221,81,217,
Kepler, Max,596146,2017,.243,292,630,
Franco, Maikel,596748,2017,.241,343,816,
Choi, Ji-Man,596847,2017,.142,12,14,
Bradley Jr., Jackie,598265,2017,.236,244,684,
Motter, Taylor,600301,2017,.232,126,362,
La Stella, Tommy,600303,2017,.254,59,219,
Read, Raudy,600466,2017,.258,8,16,
Severino, Pedro,600474,2017,.141,19,37,
Nunez, Renato,600524,2017,.185,13,22,
Candelario, Jeimer,600869,2017,.248,70,168,
Pivetta, Nick,601713,2017,.101,22,69,
Ahmed, Nick,605113,2017,.235,113,212,
Anderson, Brian,605119,2017,.254,51,129,
Asche, Cody,605125,2017,.212,24,74,
Barnes, Austin,605131,2017,.282,71,315,
Bell, Josh,605137,2017,.255,329,761,
Betts, Mookie,605141,2017,.261,268,704,
Caratini, Victor,605170,2017,.242,33,94,
Davies, Zach,605200,2017,.124,22,80,
Davis, J.D.,605204,2017,.235,25,101,
Featherston, Taylor,605227,2017,.189,21,66,
Fisher, Derek,605233,2017,.230,58,207,
Nola, Aaron,605400,2017,.080,10,66,
Panik, Joe,605412,2017,.254,255,681,
Ross, Joe,605452,2017,.129,13,59,
Smith, Mallex,605480,2017,.211,147,390,
Spangenberg, Cory,605486,2017,.231,275,601,
Tomlinson, Kelby,605509,2017,.226,93,286,
Woodruff, Brandon,605540,2017,.234,3,14,
Zimmer, Bradley,605548,2017,.233,141,473,
Arcia, Orlando,606115,2017,.242,346,720,
Perdomo, Luis,606131,2017,.145,29,60,
Tapia, Raimel,606132,2017,.257,156,201,
Montero, Rafael,606160,2017,.103,15,35,
Hernandez, Teoscar,606192,2017,.231,58,160,
Peraza, Jose,606299,2017,.276,303,638,
Marte, Ketel,606466,2017,.292,124,322,
Nimmo, Brandon,607043,2017,.259,64,285,
Peterson, Jace,607054,2017,.240,96,238,
Glasnow, Tyler,607192,2017,.115,16,16,
Turner, Trea,607208,2017,.271,181,564,
Romano, Sal,607219,2017,.051,17,37,
Gsellman, Robert,607229,2017,.140,7,46,
Garrett, Amir,607237,2017,.087,12,32,
Lopez, Raffy,607257,2017,.180,29,69,
Smith, Kevan,607345,2017,.257,169,399,
Taijeron, Travis,607369,2017,.167,18,79,
Collins, Tyler,607385,2017,.170,87,204,
Rua, Ryan,607387,2017,.216,87,171,
Bostick, Christopher,607471,2017,.224,19,54,
Freeland, Kyle,607536,2017,.102,28,73,
Lugo, Seth,607625,2017,.128,11,47,
Pillar, Kevin,607680,2017,.263,400,728,
Stallings, Jacob,607732,2017,.324,6,18,
Travis, Sam,607752,2017,.227,27,107,
Williamson, Mac,607776,2017,.185,46,113,
Rivera, T.J.,608061,2017,.261,135,275,
Ramirez, Jose,608070,2017,.299,313,799,
Bregman, Alex,608324,2017,.276,280,746,
Cecchini, Gavin,608325,2017,.196,61,97,
Gallo, Joey,608336,2017,.224,364,690,
Kelly, Carson,608348,2017,.203,33,86,
Russell, Addison,608365,2017,.250,208,533,
Seager, Corey,608369,2017,.300,306,815,
Sims, Lucas,608371,2017,.100,17,19,
Wacha, Michael,608379,2017,.083,14,85,
Williams, Nick,608384,2017,.269,243,473,
Winker, Jesse,608385,2017,.284,35,175,
Marquez, German,608566,2017,.131,46,59,
Mazara, Nomar,608577,2017,.247,420,705,
Murphy, Tom,608596,2017,.127,17,38,
Jankowski, Travis,608671,2017,.172,40,115,
Johnson, Micah,608672,2017,.130,6,17,
Plawecki, Kevin,608700,2017,.275,61,164,
Refsnyder, Rob,608701,2017,.233,30,117,
Reynolds, Matt,608703,2017,.202,66,149,
Stratton, Chris,608717,2017,.119,5,13,
Suter, Brent,608718,2017,.090,12,29,
Mondesi, Adalberto,609275,2017,.233,42,67,
Garcia, Adonis,611177,2017,.245,128,230,
Cordero, Franchy,614173,2017,.211,58,151,
Barreto, Franklin,620439,2017,.177,54,93,
Torrens, Luis,620443,2017,.225,58,205,
Urena, Richard,620446,2017,.222,44,104,
Robertson, Daniel,621002,2017,.182,92,339,
Swanson, Dansby,621020,2017,.242,281,690,
Taylor, Chris,621035,2017,.267,244,786,
Correa, Carlos,621043,2017,.314,263,534,
Eflin, Zach,621107,2017,.147,9,32,
Blach, Ty,621389,2017,.217,22,71,
Phillips, Brett,621433,2017,.225,44,136,
Buxton, Byron,621439,2017,.230,312,669,
Brinson, Lewis,621446,2017,.227,35,64,
Powell, Boog,621471,2017,.216,44,175,
Nido, Tomas,621512,2017,.312,2,17,
Moroff, Max,621559,2017,.206,64,197,
Wendle, Joey,621563,2017,.273,9,20,
Olson, Matt,621566,2017,.258,124,287,
Wood, Alex,622072,2017,.068,20,58,
Thompson, Jake,622097,2017,.140,4,18,
Maxwell, Bruce,622194,2017,.228,116,351,
Mejia, Alex,622270,2017,.194,25,71,
Bautista, Rafael,622441,2017,.225,7,38,
Castillo, Luis,622491,2017,.115,21,42,
Gomez, Miguel,622497,2017,.220,21,44,
Margot, Manuel,622534,2017,.251,261,648,
Senzatela, Antonio,622608,2017,.106,32,48,
Camargo, Johan,622666,2017,.264,133,347,
Flexen, Chris,623167,2017,.125,6,22,
Kivlehan, Patrick,623182,2017,.198,121,247,
Santander, Anthony,623993,2017,.251,21,49,
Lin, Tzu-Wei,624407,2017,.218,30,89,
Arroyo, Christian,624414,2017,.236,69,207,
Conforto, Michael,624424,2017,.257,221,550,
Frazier, Adam,624428,2017,.272,206,583,
Jones, Ryder,624507,2017,.166,92,211,
Puig, Yasiel,624577,2017,.267,295,683,
Soler, Jorge,624585,2017,.177,55,122,
Gohara, Luiz,627894,2017,.006,10,15,
Maeda, Kenta,628317,2017,.125,35,59,
Despaigne, Odrisamer,628333,2017,.080,17,26,
Heredia, Guillermo,628338,2017,.230,173,522,
Tomas, Yasmany,630111,2017,.236,123,218,
Ervin, Phillip,640447,2017,.213,26,74,
Frazier, Clint,640449,2017,.219,63,208,
Pinder, Chad,640461,2017,.247,157,446,
Anderson, Tim,641313,2017,.239,422,724,
Asuaje, Carlos,641319,2017,.230,147,461,
Bellinger, Cody,641355,2017,.253,270,708,
Calhoun, Willie,641432,2017,.238,25,46,
Crawford, J.P.,641487,2017,.210,40,127,
Engel, Adam,641553,2017,.173,181,453,
Garver, Mitch,641598,2017,.180,21,65,
Kuhl, Chad,641771,2017,.123,28,62,
Mancini III, Trey,641820,2017,.255,376,756,
McMahon, Ryan,641857,2017,.135,10,38,
Sisco, Chance,642082,2017,.234,6,31,
Smith, Dominic,642086,2017,.244,113,249,
Smith, Tyler,642094,2017,.158,6,30,
Turner, Stuart,642156,2017,.183,33,116,
Valaika, Pat,642162,2017,.218,104,278,
Wade, Tyler,642180,2017,.207,28,86,
Mejia, Francisco,642336,2017,.256,16,12,
Sierra, Magneuris,642423,2017,.249,30,78,
Cordoba, Allen,642707,2017,.226,132,250,
Rosario, Amed,642708,2017,.222,122,234,
Benintendi, Andrew,643217,2017,.254,326,754,
Brault, Steven,643230,2017,.189,4,16,
Cooper, Garrett,643265,2017,.256,31,51,
Godley, Zack,643327,2017,.064,26,58,
Granite, Zack,643335,2017,.268,39,127,
Kemp, Tony,643393,2017,.188,24,44,
Leiter Jr., Mark,643410,2017,.063,17,42,
Tauchman, Mike,643565,2017,.170,14,55,
White, Tyler,643603,2017,.252,38,90,
Albies, Ozzie,645277,2017,.275,130,345,
Robles, Victor,645302,2017,.180,14,36,
Devers, Rafael,646240,2017,.221,138,302,
Diaz, Aledmys,649557,2017,.240,191,360,
Diaz, Yandy,650490,2017,.270,52,228,
Allen, Greg,656185,2017,.258,15,57,
Chapman, Matt,656305,2017,.224,140,436,
Hoffman, Jeff,656546,2017,.102,26,52,
Hoskins, Rhys,656555,2017,.256,95,282,
Luplow, Jordan,656669,2017,.215,30,121,
Newcomb, Sean,656794,2017,.019,24,43,
Schwarber, Kyle,656941,2017,.222,295,629,
Verdugo, Alex,657077,2017,.249,7,26,
Zagunis, Mark,657145,2017,.123,5,23,
DeJong, Paul,657557,2017,.255,251,627,
Lamet, Dinelson,659275,2017,.100,22,51,
Moncada, Yoan,660162,2017,.218,109,299,
Happ, Ian,664023,2017,.245,207,592,
Bader, Harrison,664056,2017,.239,50,126,
Stevenson, Andrew,664057,2017,.210,33,89,
Hwang, Jae-Gyun,666561,2017,.185,28,76,
Hays, Austin,669720,2017,.208,36,83,